country_code,total_revenues_1995,total_revenues_1996,total_revenues_1997,total_revenues_1998,total_revenues_1999,total_revenues_2000,total_revenues_2001,total_revenues_2002,total_revenues_2003,total_revenues_2004,total_revenues_2005,total_revenues_2006,total_revenues_2007,total_revenues_2008,total_revenues_2009,total_revenues_2010,total_revenues_2011,total_revenues_2012,total_revenues_2013,total_revenues_2014,total_revenues_2015,total_revenues_2016,total_revenues_2017,total_revenues_2018,total_revenues_2019
ABW,554000000.0,666000000.0,726000000.0,786000000.0,782000000.0,850000000.0,825000000.0,835000000.0,858099975.6,1057000000.0,1097000000.0,1064099976.0,1213400024.0,1352000000.0,1223000000.0,1254000000.0,1358000000.0,1412000000.0,1506000000.0,1625000000.0,1659000000.0,1757000000.0,1855000000.0,2029000000.0,2091000000.0
AGO,27000000.0,38000000.0,24000000.0,39000000.0,31000000.0,34000000.0,35000000.0,51000000.0,63000000.0,82000000.0,103000000.0,91000000.0,236000000.0,293000000.0,554000000.0,726000000.0,653000000.0,711000000.0,1241000000.0,1597000000.0,1171000000.0,628000000.0,884000000.0,557000000.0,395000000.0
ALB,70000000.0,94000000.0,34000000.0,60000000.0,218000000.0,398000000.0,451000000.0,492000000.0,537000000.0,756000000.0,880000000.0,1057000000.0,1479000000.0,1850000000.0,2013000000.0,1778000000.0,1833000000.0,1623000000.0,1670000000.0,1849000000.0,1613000000.0,1821000000.0,2050000000.0,2306000000.0,2458000000.0
ARE,632000000.0,743000000.0,814000000.0,859000000.0,893000000.0,1063000000.0,1200000000.0,1332000000.0,1438000000.0,1593000000.0,3218000000.0,4972000000.0,6072000000.0,7162000000.0,7352000000.0,8577000000.0,9204000000.0,10924000000.0,12389000000.0,15221000000.0,17481000000.0,19496000000.0,21049000000.0,21372000000.0,38413300781.0
ARG,2550000000.0,2975000000.0,3153000000.0,3353000000.0,3175000000.0,3195000000.0,2756000000.0,1716000000.0,2306000000.0,2660000000.0,3209000000.0,3926000000.0,5030000000.0,5273000000.0,4455000000.0,5605000000.0,6058000000.0,5665000000.0,5199000000.0,5645000000.0,5441000000.0,5466000000.0,5830000000.0,5999000000.0,5654000000.0
ARM,14000000.0,18000000.0,33000000.0,41000000.0,47000000.0,52000000.0,81000000.0,81000000.0,90000000.0,189000000.0,243000000.0,406000000.0,522000000.0,564000000.0,570000000.0,694000000.0,762000000.0,853000000.0,905000000.0,994000000.0,956000000.0,1037000000.0,1224000000.0,1358000000.0,1553000000.0
AUS,10370000000.0,11882000000.0,11735000000.0,10169000000.0,11408000000.0,11594000000.0,11333000000.0,12148000000.0,14981000000.0,18032000000.0,19719000000.0,20408000000.0,25024000000.0,27189000000.0,26909000000.0,31064000000.0,34315000000.0,34137000000.0,32889000000.0,35736000000.0,36249000000.0,39059000000.0,43975000000.0,47327000000.0,47953000000.0
AZE,87000000.0,57000000.0,176000000.0,143000000.0,93000000.0,68000000.0,57000000.0,63000000.0,70000000.0,79000000.0,100000000.0,201000000.0,317000000.0,382000000.0,545000000.0,792000000.0,1500000000.0,2634000000.0,2618000000.0,2713000000.0,2535000000.0,2855000000.0,3214000000.0,2830000000.0,2004099976.0
BGR,662000000.0,541000000.0,517000000.0,1150000000.0,1184000000.0,1364000000.0,1262000000.0,1392000000.0,2051000000.0,2796000000.0,3063000000.0,3317000000.0,4181000000.0,4852000000.0,4273000000.0,3807000000.0,4297000000.0,3975000000.0,4410000000.0,4518000000.0,3583000000.0,4164000000.0,4678000000.0,5055000000.0,4825000000.0
BHR,593000000.0,589000000.0,578000000.0,625000000.0,785000000.0,854000000.0,886000000.0,985000000.0,1206000000.0,1504000000.0,1603000000.0,1786000000.0,1854000000.0,1927000000.0,1873000000.0,2163000000.0,1766000000.0,1752000000.0,1875000000.0,1913000000.0,2827000000.0,4021000000.0,4380000000.0,3834000000.0,3860000000.0
BHS,1356000000.0,1409000000.0,1427000000.0,1365000000.0,1598000000.0,1753000000.0,1665000000.0,1773000000.0,1770000000.0,1897000000.0,2081000000.0,2066000000.0,2198000000.0,2155000000.0,2025000000.0,2159000000.0,2157000000.0,2333000000.0,2305000000.0,2336000000.0,2554000000.0,3091000000.0,3017000000.0,3383000000.0,3606000000.0
BLR,28000000.0,61000000.0,40000000.0,54000000.0,92000000.0,188000000.0,272000000.0,295000000.0,339000000.0,362000000.0,346000000.0,401000000.0,479000000.0,585000000.0,563000000.0,665000000.0,747000000.0,986000000.0,1156000000.0,1230000000.0,1013000000.0,1019000000.0,1124500000.0,1221000000.0,1290000000.0
BOL,92000000.0,100000000.0,129000000.0,137000000.0,124000000.0,101000000.0,119000000.0,143000000.0,243000000.0,283000000.0,345000000.0,330000000.0,326000000.0,302000000.0,306000000.0,339000000.0,499000000.0,631000000.0,639000000.0,746000000.0,810000000.0,827000000.0,928000000.0,948000000.0,936000000.0
BRA,1085000000.0,744000000.0,1025000000.0,1398000000.0,1718000000.0,1969000000.0,1844000000.0,2142000000.0,2673000000.0,3389000000.0,4168000000.0,4577000000.0,5284000000.0,6109000000.0,5635000000.0,5522000000.0,6370000000.0,6623000000.0,6784000000.0,7405000000.0,6254000000.0,6613000000.0,6175000000.0,6324000000.0,6127000000.0
BTN,5000000.0,6000000.0,6000000.0,8000000.0,9000000.0,10000000.0,9000000.0,8000000.0,8000000.0,13000000.0,19000000.0,36000000.0,47000000.0,47000000.0,51000000.0,64000000.0,76000000.0,93000000.0,116000000.0,99000000.0,120000000.0,139000000.0,153000000.0,121000000.0,120000000.0
BWA,176000000.0,105000000.0,141000000.0,179000000.0,239000000.0,227000000.0,235000000.0,324000000.0,459000000.0,582000000.0,563000000.0,540000000.0,548299987.8,510700012.2,663599975.6,440100006.1,468299987.8,515599975.6,484200012.2,529299987.8,534299987.8,505000000.0,542599975.6,584200012.2,572099975.6
CHE,11354000000.0,10779000000.0,10036000000.0,10188000000.0,9135000000.0,9058000000.0,9392000000.0,9198000000.0,10427000000.0,11217000000.0,11914000000.0,12961000000.0,14934000000.0,18016000000.0,17023000000.0,17883000000.0,20809000000.0,19564000000.0,20236000000.0,21358000000.0,20140000000.0,19787000000.0,20399000000.0,21294000000.0,21257000000.0
CHL,1186000000.0,1209000000.0,1401000000.0,1431000000.0,1243000000.0,1179000000.0,1184000000.0,1221000000.0,1309000000.0,1571000000.0,1608000000.0,1853000000.0,2224000000.0,2481000000.0,2380000000.0,2362000000.0,2723000000.0,3158000000.0,3171000000.0,3202000000.0,3412000000.0,3744000000.0,4115000000.0,3882000000.0,3332000000.0
CMR,75000000.0,151000000.0,119000000.0,114000000.0,92000000.0,132000000.0,182000000.0,124000000.0,266000000.0,212000000.0,229000000.0,231000000.0,254000000.0,167000000.0,271000000.0,171000000.0,423000000.0,377000000.0,607000000.0,629000000.0,476000000.0,508000000.0,544000000.0,633000000.0,681000000.0
COL,887000000.0,1362000000.0,1315000000.0,1216000000.0,1231000000.0,1313000000.0,1483000000.0,1237000000.0,1191000000.0,1535000000.0,1891000000.0,2370000000.0,2586000000.0,2936000000.0,3050000000.0,3441000000.0,3801000000.0,4363000000.0,4759000000.0,4887000000.0,5235000000.0,5584000000.0,5882000000.0,6624000000.0,6786000000.0
CPV,29000000.0,37000000.0,50000000.0,45000000.0,56000000.0,64000000.0,77000000.0,100000000.0,135000000.0,153000000.0,177000000.0,280000000.0,375000000.0,432000000.0,349000000.0,387000000.0,438000000.0,452000000.0,483000000.0,453000000.0,380000000.0,397000000.0,451000000.0,520000000.0,567000000.0
CRI,763000000.0,797000000.0,860000000.0,1038000000.0,1256000000.0,1629000000.0,1480000000.0,1429000000.0,1573000000.0,1755000000.0,2008000000.0,2066000000.0,2454000000.0,2811000000.0,2216000000.0,2426000000.0,2646000000.0,2773000000.0,3171000000.0,3137000000.0,3408000000.0,3776000000.0,3758000000.0,3865000000.0,4102000000.0
CUB,1100000000.0,1333000000.0,1515000000.0,1759000000.0,1901000000.0,1948000000.0,1840000000.0,1769000000.0,1999000000.0,2114000000.0,2591000000.0,2414000000.0,2415000000.0,2535000000.0,2249000000.0,2396000000.0,2503000000.0,2614000000.0,2608000000.0,2546000000.0,2819000000.0,3069000000.0,3302000000.0,2782000000.0,2645000000.0
CUW,175000000.0,186000000.0,201000000.0,261000000.0,260000000.0,227000000.0,271000000.0,217000000.0,223000000.0,224000000.0,244000000.0,277000000.0,329000000.0,383000000.0,378000000.0,438000000.0,540000000.0,676000000.0,778000000.0,820000000.0,712000000.0,644000000.0,572000000.0,604000000.0,706000000.0
CYM,394000000.0,368000000.0,501000000.0,534000000.0,525000000.0,559000000.0,585000000.0,607000000.0,518000000.0,523000000.0,356000000.0,509000000.0,481000000.0,518000000.0,458000000.0,465000000.0,472000000.0,489000000.0,500000000.0,565000000.0,680000000.0,699000000.0,785000000.0,883000000.0,933000000.0
CYP,2018044189.0,1904723511.0,1850360596.0,1918303589.0,2115000000.0,2137000000.0,2203000000.0,2178000000.0,2325000000.0,2552000000.0,2644000000.0,2692007568.0,3107000000.0,3232000000.0,2476000000.0,2137000000.0,2603000000.0,2603000000.0,2930000000.0,2924000000.0,2525664307.0,2870000000.0,3274000000.0,3449000000.0,3245000000.0
DEU,24053000000.0,23982000000.0,24500000000.0,25806000000.0,25327000000.0,24943000000.0,24182000000.0,26717000000.0,30129000000.0,36417000000.0,40518000000.0,45560000000.0,49320000000.0,53402000000.0,47499000000.0,49116000000.0,53465000000.0,51626000000.0,55486000000.0,58721000000.0,50669000000.0,52234000000.0,55750000000.0,59446000000.0,58201000000.0
EAS,96989717288.0,104819000000.0,99535705292.0,91469342089.0,102063000000.0,110276000000.0,112780000000.0,123996000000.0,125092000000.0,163093000000.0,177122000000.0,191297000000.0,233262000000.0,259694000000.0,245712000000.0,307049000000.0,364317000000.0,399084000000.0,437282000000.0,464236000000.0,446663000000.0,466999000000.0,505111000000.0,567412000000.0,578564000000.0
ECU,315000000.0,330000000.0,335000000.0,330000000.0,377000000.0,451000000.0,438000000.0,449000000.0,408000000.0,464000000.0,488000000.0,492000000.0,626000000.0,745000000.0,674000000.0,786000000.0,849000000.0,1039000000.0,1251000000.0,1487000000.0,1557000000.0,1729000000.0,2018000000.0,2279000000.0,2288000000.0
EGY,2954000000.0,3583000000.0,4046000000.0,2942000000.0,4361000000.0,4657000000.0,4119000000.0,4133000000.0,4704000000.0,6328000000.0,7206000000.0,8133000000.0,10327000000.0,12104000000.0,11757000000.0,13633000000.0,9333000000.0,10823000000.0,6747000000.0,7979000000.0,6897000000.0,3306000000.0,8636000000.0,12704000000.0,14256000000.0
FIN,2383000000.0,2408000000.0,2358000000.0,2371000000.0,2236000000.0,2035000000.0,2066000000.0,2238000000.0,2679000000.0,2977000000.0,3069000000.0,3515000000.0,4287000000.0,4875000000.0,4072000000.0,4496000000.0,5615000000.0,5418000000.0,5774000000.0,5409000000.0,4011000000.0,4017000000.0,5210000000.0,5763000000.0,5944000000.0
FJI,369000000.0,374000000.0,386000000.0,309000000.0,365000000.0,291000000.0,316000000.0,384000000.0,496000000.0,588000000.0,722000000.0,684000000.0,722000000.0,952000000.0,688000000.0,825000000.0,955000000.0,989000000.0,966000000.0,1091000000.0,1094000000.0,1149000000.0,1243000000.0,1370000000.0,1345000000.0
GHA,30000000.0,32000000.0,35000000.0,304000000.0,325000000.0,357000000.0,374000000.0,383000000.0,441000000.0,495000000.0,867000000.0,910000000.0,990000000.0,970000000.0,849000000.0,706000000.0,797000000.0,1154000000.0,1010000000.0,1027000000.0,911000000.0,952000000.0,919000000.0,996000000.0,1490000000.0
GTM,216000000.0,221000000.0,270000000.0,329000000.0,374000000.0,498000000.0,588000000.0,647000000.0,646000000.0,630000000.0,791000000.0,919000000.0,1055000000.0,1098300049.0,1086300049.0,1053300049.0,1077400024.0,1110000000.0,1160699951.0,1164400024.0,1169500000.0,1202699951.0,1217599976.0,1235099976.0,1227199951.0
HIC,376159000000.0,397313000000.0,399449000000.0,403696000000.0,409310000000.0,413850000000.0,395253000000.0,402756000000.0,441281000000.0,514762000000.0,552337000000.0,590023000000.0,673601000000.0,746173000000.0,679609000000.0,753451000000.0,856043000000.0,891503000000.0,959871000000.0,1019490000000.0,982192000000.0,1008640000000.0,1075910000000.0,1159430000000.0,1175660000000.0
HND,85000000.0,119000000.0,152000000.0,175000000.0,214000000.0,263000000.0,260000000.0,305000000.0,372000000.0,420000000.0,465000000.0,515700012.2,546599975.6,619799987.8,616099975.6,626700012.2,641500000.0,683700012.2,618000000.0,706000000.0,671000000.0,585000000.0,610000000.0,601000000.0,556000000.0
HUN,2938000000.0,3589000000.0,3824000000.0,3688000000.0,3622000000.0,3809000000.0,4191000000.0,3774000000.0,4119000000.0,4009000000.0,4761000000.0,4998000000.0,5628000000.0,7533000000.0,7013000000.0,6595000000.0,7239000000.0,6149000000.0,6671000000.0,7483000000.0,6929000000.0,7481000000.0,8448000000.0,9618000000.0,10196000000.0
IDB,2589013734.0,2849949347.0,3362724324.0,3299032274.0,3261248855.0,2521731525.0,2525170641.0,2639091346.0,2978059179.0,3561998662.0,4048240447.0,4733717138.0,5486815215.0,6258638169.0,5318536747.0,5930037903.0,6800880348.0,6827004089.0,6813289127.0,7785388432.0,7348602470.0,7705317502.0,9887744952.0,10359836269.0,10372106595.0
ISR,3491000000.0,3506000000.0,3740000000.0,3598000000.0,4800000000.0,4611000000.0,2854000000.0,2426000000.0,2473000000.0,2908000000.0,3750000000.0,3736000000.0,4325000000.0,5401000000.0,4937000000.0,5638000000.0,5886000000.0,6183000000.0,6600000000.0,6616000000.0,6605000000.0,6616000000.0,7602000000.0,8048000000.0,8438000000.0
JOR,973000000.0,1026000000.0,1063000000.0,1083000000.0,1016000000.0,935000000.0,884000000.0,1254000000.0,1266000000.0,1621000000.0,1759000000.0,2426000000.0,2754000000.0,3539000000.0,3472000000.0,4390000000.0,4351000000.0,5123000000.0,5145000000.0,5518000000.0,4968000000.0,4943000000.0,5549000000.0,6221000000.0,6864000000.0
JPN,4894000000.0,5775000000.0,6175000000.0,5664000000.0,5715000000.0,5970000000.0,5750000000.0,6069000000.0,11475000000.0,14343000000.0,15554000000.0,11490000000.0,12422000000.0,13781000000.0,12537000000.0,15356000000.0,12533000000.0,16197000000.0,16865000000.0,20790000000.0,27285000000.0,33456000000.0,36978000000.0,45276000000.0,49206000000.0
KAZ,155000000.0,258000000.0,350000000.0,454000000.0,394000000.0,403000000.0,502000000.0,680000000.0,638000000.0,803000000.0,801000000.0,973000000.0,1214000000.0,1255000000.0,1185000000.0,1236000000.0,1524000000.0,2154000000.0,2365000000.0,2239000000.0,1833000000.0,2038000000.0,2356000000.0,2651000000.0,2922000000.0
KEN,785000000.0,823000000.0,1077000000.0,1213000000.0,1211000000.0,500000000.0,536000000.0,513000000.0,619000000.0,799000000.0,969000000.0,1181000000.0,1514000000.0,1398000000.0,1124000000.0,1620000000.0,1844000000.0,2004000000.0,1829000000.0,1745000000.0,1596000000.0,1472000000.0,1564000000.0,1784000000.0,1762000000.0
KHM,71000000.0,117000000.0,99000000.0,129000000.0,240000000.0,345000000.0,429000000.0,509000000.0,441000000.0,673000000.0,929000000.0,1109000000.0,1169000000.0,1280000000.0,1463000000.0,1671000000.0,2258000000.0,2663000000.0,2895000000.0,3220000000.0,3419000000.0,3523000000.0,4024000000.0,4832000000.0,5312000000.0
KOR,6670000000.0,6350000000.0,6317000000.0,8263000000.0,8337000000.0,8527000000.0,7917000000.0,7617000000.0,7002000000.0,8222000000.0,8282000000.0,8437000000.0,9253000000.0,13440000000.0,13262000000.0,14315000000.0,17329000000.0,18731000000.0,19457000000.0,22390000000.0,18711000000.0,20924000000.0,17173000000.0,23104000000.0,26217000000.0
KWT,307000000.0,389000000.0,396000000.0,456000000.0,342000000.0,394000000.0,286000000.0,320000000.0,328000000.0,398000000.0,413000000.0,508000000.0,530000000.0,610000000.0,660000000.0,574000000.0,644000000.0,780000000.0,619000000.0,615000000.0,931000000.0,831000000.0,643000000.0,919000000.0,1176000000.0
LAC,19357652321.0,21486070883.0,23098209309.0,24606110284.0,25346945968.0,27600052496.0,26963916710.0,26166988308.0,29087384192.0,33178489169.0,37879185888.0,41304065446.0,45512763248.0,49121526306.0,44448291381.0,46570394948.0,49323516428.0,52227722493.0,55594156982.0,61352272204.0,63760745805.0,67792560111.0,71606967176.0,74819705099.0,77637914660.0
LCN,27934369160.0,30617804406.0,33016573525.0,35090068145.0,36005380011.0,39230679670.0,38843763502.0,37565126479.0,41102382254.0,46784141233.0,52388766720.0,56867182590.0,62749447923.0,67161344139.0,61619754789.0,64878933663.0,69800378125.0,74997594077.0,79289405593.0,86024192662.0,89294740018.0,95050581905.0,99851063426.0,102637000000.0,105334000000.0
LKA,367000000.0,282000000.0,351000000.0,369000000.0,414000000.0,388000000.0,347000000.0,594000000.0,709000000.0,808000000.0,729000000.0,733000000.0,750000000.0,803000000.0,754000000.0,1044000000.0,1421000000.0,1756000000.0,2506000000.0,3278000000.0,3978000000.0,4591000000.0,5083000000.0,5608000000.0,4663000000.0
LMC,18200370769.0,21033408269.0,23488432435.0,22111913058.0,27012119576.0,25570082746.0,25680410355.0,26783060497.0,30952641555.0,41100307810.0,48253915817.0,56810880826.0,71003811634.0,76653338725.0,67521212619.0,75828761426.0,77198982277.0,85755155611.0,85688515230.0,89466822669.0,86138138402.0,86359512964.0,105831000000.0,117899000000.0,129445000000.0
MAC,3233000000.0,3085000000.0,2876000000.0,2648000000.0,2598000000.0,3205000000.0,3745000000.0,4428000000.0,5225000000.0,7431000000.0,7181000000.0,8482000000.0,11198000000.0,13749000000.0,15182000000.0,22688000000.0,31118000000.0,36521000000.0,43665000000.0,43303000000.0,31500000000.0,31015000000.0,36436000000.0,41309000000.0,39714000000.0
MAR,1469000000.0,1857000000.0,1649000000.0,1934000000.0,2177000000.0,2280000000.0,2966000000.0,3157000000.0,3802000000.0,4540000000.0,5426000000.0,6900000000.0,8307000000.0,8885000000.0,7980000000.0,8176000000.0,9101000000.0,8491000000.0,8201000000.0,9070000000.0,7765000000.0,7922000000.0,9086000000.0,9520000000.0,10013000000.0
MDA,71000000.0,50000000.0,74000000.0,64000000.0,49000000.0,57000000.0,58000000.0,72000000.0,79000000.0,112000000.0,138000000.0,150000000.0,229000000.0,293000000.0,240000000.0,222000000.0,253000000.0,279000000.0,324000000.0,328000000.0,300000000.0,344000000.0,443000000.0,500000000.0,532000000.0
MDG,106000000.0,102000000.0,110000000.0,136000000.0,137000000.0,152000000.0,149000000.0,109000000.0,119000000.0,239000000.0,275000000.0,382000000.0,395000000.0,440000000.0,328000000.0,425000000.0,507000000.0,596000000.0,609000000.0,740000000.0,696000000.0,912000000.0,849000000.0,879000000.0,951500000.0
MEA,23782467025.0,25829013622.0,27320445719.0,27622704395.0,31630444226.0,31868425757.0,30372658677.0,31799947201.0,34511332936.0,40141907931.0,46062146838.0,52491053576.0,62724485072.0,70750780660.0,71045059877.0,82137038291.0,73006275784.0,80046706579.0,79875627606.0,89412429569.0,93222984235.0,95180853657.0,111853000000.0,120058000000.0,148005000000.0
MEX,6847000000.0,7531000000.0,8184000000.0,8307000000.0,8135000000.0,9133000000.0,9190000000.0,9547000000.0,10058000000.0,11609000000.0,12801000000.0,13329000000.0,14055000000.0,14726000000.0,12542000000.0,12628000000.0,12458000000.0,13320000000.0,14311000000.0,16606000000.0,18729000000.0,20619000000.0,22467000000.0,23802000000.0,25847000000.0
MMR,169000000.0,215000000.0,183000000.0,196000000.0,222000000.0,195000000.0,132000000.0,136000000.0,70000000.0,97000000.0,83000000.0,59000000.0,97000000.0,80000000.0,75000000.0,91000000.0,334000000.0,550000000.0,964000000.0,1687000000.0,2199000000.0,2289000000.0,1988000000.0,1670000000.0,2501000000.0
MNG,33000000.0,20000000.0,25000000.0,47000000.0,43000000.0,43000000.0,49000000.0,143000000.0,154000000.0,205000000.0,203000000.0,261000000.0,349000000.0,272000000.0,253000000.0,288000000.0,197000000.0,215000000.0,236000000.0,257000000.0,279000000.0,379000000.0,462000000.0,526000000.0,605000000.0
MUS,616000000.0,705000000.0,666000000.0,672000000.0,718000000.0,732000000.0,820000000.0,829000000.0,960000000.0,1156000000.0,1189000000.0,1302000000.0,1663000000.0,1823000000.0,1390000000.0,1585000000.0,1808000000.0,1778000000.0,1593000000.0,1719000000.0,1680000000.0,1824000000.0,2005000000.0,2161000000.0,2024000000.0
MWI,22000000.0,31000000.0,32000000.0,25000000.0,42000000.0,29000000.0,40000000.0,45000000.0,66000000.0,75000000.0,48000000.0,45000000.0,43000000.0,43000000.0,46000000.0,45000000.0,36000000.0,35000000.0,33000000.0,36000000.0,39000000.0,30000000.0,35000000.0,43000000.0,47000000.0
MYS,5044000000.0,5732000000.0,4925000000.0,3237000000.0,4403000000.0,5873000000.0,7627000000.0,8084000000.0,6799000000.0,9183000000.0,10389000000.0,12280000000.0,17948000000.0,18553000000.0,17231000000.0,19619000000.0,21338000000.0,21711000000.0,23283000000.0,24469000000.0,19194000000.0,19682000000.0,20311000000.0,21775000000.0,22199000000.0
NAC,102920000000.0,112270000000.0,117438000000.0,116145000000.0,121213000000.0,131352000000.0,118135000000.0,110160000000.0,107051000000.0,122346000000.0,132574000000.0,137868000000.0,152763000000.0,167285000000.0,152692000000.0,180263000000.0,199429000000.0,217352000000.0,237348000000.0,248018000000.0,256678000000.0,254506000000.0,257447000000.0,264863000000.0,260143000000.0
NGA,47000000.0,58000000.0,83000000.0,81000000.0,99000000.0,186000000.0,168000000.0,256000000.0,58000000.0,49000000.0,139000000.0,209000000.0,337000000.0,958000000.0,791000000.0,736000000.0,688000000.0,638000000.0,616000000.0,605000000.0,461000000.0,1088000000.0,2615000000.0,1977000000.0,1471000000.0
NOR,2730000000.0,2770000000.0,2570000000.0,2545000000.0,2750000000.0,2521000000.0,2380000000.0,2581000000.0,2989000000.0,3531000000.0,4243000000.0,4289000000.0,5322000000.0,5702000000.0,4949000000.0,5299000000.0,6565000000.0,6784000000.0,7175000000.0,7503000000.0,6370000000.0,6285000000.0,6840000000.0,7096000000.0,6929000000.0
NPL,232000000.0,237000000.0,201000000.0,248000000.0,229000000.0,219000000.0,191000000.0,134000000.0,232000000.0,260000000.0,160000000.0,157000000.0,234000000.0,353000000.0,439000000.0,378000000.0,415000000.0,379000000.0,460000000.0,511000000.0,509000000.0,498000000.0,712000000.0,744000000.0,803000000.0
OED,360051000000.0,382168000000.0,386137000000.0,392293000000.0,396044000000.0,398228000000.0,377208000000.0,381913000000.0,420500000000.0,487530000000.0,520022000000.0,546779000000.0,620091000000.0,686911000000.0,621331000000.0,666905000000.0,743339000000.0,762361000000.0,818664000000.0,868929000000.0,844873000000.0,857561000000.0,915919000000.0,992277000000.0,1003910000000.0
PAK,582000000.0,590000000.0,618000000.0,556000000.0,492000000.0,551000000.0,533000000.0,562000000.0,620000000.0,765000000.0,828000000.0,919000000.0,912000000.0,986000000.0,950000000.0,998000000.0,1127000000.0,1014000000.0,938000000.0,971000000.0,915000000.0,790000000.0,865000000.0,845000000.0,948000000.0
PAN,372000000.0,432000000.0,471000000.0,492000000.0,506000000.0,628000000.0,665000000.0,710000000.0,804000000.0,903000000.0,1108000000.0,1425000000.0,1806000000.0,2208000000.0,2280000000.0,2621000000.0,3630000000.0,4585000000.0,5419000000.0,5749000000.0,5754000000.0,6283000000.0,6827000000.0,7139000000.0,7052000000.0
PER,521000000.0,773000000.0,911000000.0,947000000.0,911000000.0,861000000.0,763000000.0,836000000.0,1023000000.0,1232000000.0,1438000000.0,1775000000.0,2007000000.0,2396000000.0,2440000000.0,2475000000.0,2814000000.0,3074000000.0,3916000000.0,3907000000.0,4140000000.0,4288000000.0,4573000000.0,4504000000.0,4784000000.0
PHL,1141000000.0,1551000000.0,2347000000.0,1431000000.0,2652000000.0,2334000000.0,2011000000.0,2018000000.0,1821000000.0,2390000000.0,2863000000.0,4051000000.0,5523000000.0,3293000000.0,2916000000.0,3441000000.0,4053000000.0,4963000000.0,5599000000.0,6059000000.0,6414000000.0,6289000000.0,8349000000.0,9715000000.0,11481000000.0
POL,6927000000.0,8764000000.0,9053000000.0,8321000000.0,6498000000.0,6128000000.0,5121000000.0,4971000000.0,4733000000.0,6521000000.0,7161000000.0,8153000000.0,11729000000.0,12897000000.0,9888000000.0,9875000000.0,11471000000.0,11704000000.0,12242000000.0,12691000000.0,11164000000.0,11922000000.0,13925000000.0,15569000000.0,15712000000.0
PRI,1828000000.0,1898000000.0,2046000000.0,2233000000.0,2139000000.0,2388000000.0,2728000000.0,2486000000.0,2677000000.0,3024000000.0,3239000000.0,3369000000.0,3414000000.0,3535000000.0,3176000000.0,3211000000.0,3143000000.0,3193000000.0,3311000000.0,3439000000.0,3825000000.0,3974000000.0,3868000000.0,3303000000.0,3612000000.0
PRT,5646000000.0,5572000000.0,5415000000.0,6390000000.0,6047000000.0,6029000000.0,6264000000.0,6643000000.0,7687000000.0,8902000000.0,9038000000.0,10487000000.0,12945000000.0,14081000000.0,12357000000.0,12984000000.0,14911000000.0,14578000000.0,16080000000.0,17577000000.0,16007000000.0,17347000000.0,21586000000.0,24366000000.0,24736000000.0
PRY,162000000.0,159000000.0,145000000.0,128000000.0,95000000.0,88000000.0,91000000.0,76000000.0,81000000.0,87000000.0,96000000.0,112000000.0,121000000.0,128000000.0,225000000.0,243000000.0,261000000.0,291000000.0,299000000.0,314000000.0,348000000.0,356000000.0,399000000.0,393000000.0,409000000.0
PSS,573627135.9,586004716.8,591809382.6,487100587.8,540277889.6,460898875.3,481279973.6,573066767.7,722400520.7,851214395.8,1017098087.0,1022198447.0,1121568629.0,1421896983.0,1187653834.0,1378233235.0,1581634366.0,1671951539.0,1705351733.0,1820070721.0,1806695409.0,1932423304.0,2029445732.0,2248465668.0,2233673134.0
PST,344129000000.0,361931000000.0,363114000000.0,368946000000.0,374758000000.0,378601000000.0,361174000000.0,368941000000.0,407600000000.0,476119000000.0,507231000000.0,538530000000.0,612239000000.0,679950000000.0,617085000000.0,684938000000.0,777852000000.0,805874000000.0,867693000000.0,910481000000.0,863146000000.0,880103000000.0,934171000000.0,1011620000000.0,1000790000000.0
ROU,689000000.0,670000000.0,603000000.0,351000000.0,306000000.0,394000000.0,419000000.0,400000000.0,523000000.0,607000000.0,1324000000.0,1675000000.0,2073000000.0,2626000000.0,1688000000.0,1631000000.0,2016000000.0,1904000000.0,2307000000.0,2388000000.0,2229000000.0,2474000000.0,3553000000.0,3879000000.0,4240000000.0
SLB,17100000.38,16000000.0,9699999.809,7099999.905,9699999.809,4000000.0,8800000.191,800000.0119,1600000.024,3519999.981,6400000.095,30899999.62,33099998.47,31200000.76,39299999.24,50799999.24,65900001.53,65400001.53,70500000.0,64800003.05,60000000.0,71000000.0,79000000.0,92000000.0,82000000.0
SSA,6267493844.0,7031606331.0,7709152150.0,8206243972.0,8508987209.0,7484550397.0,8000667027.0,8952974872.0,13047702639.0,15158266186.0,17366201929.0,19457191297.0,22860245556.0,22983948556.0,21649124946.0,24094080847.0,26543101866.0,28910208745.0,29040879011.0,30070530708.0,27276968992.0,27399226564.0,31255167369.0,33040104572.0,32435167375.0
SSF,7201595661.0,8010816561.0,8647723470.0,9142858941.0,9509458360.0,8536849772.0,9146054871.0,10135047778.0,14379723222.0,16702396198.0,18958305698.0,21231548454.0,25110375234.0,25423463131.0,23547689913.0,26210207756.0,28933944901.0,31320184414.0,31307512960.0,32471946248.0,29639325945.0,29944070842.0,34084611185.0,36068855280.0,35296556424.0
SUR,52000000.0,44000000.0,38000000.0,36000000.0,45000000.0,42000000.0,26000000.0,17000000.0,18000000.0,52000000.0,96000000.0,109000000.0,73000000.0,83000000.0,70000000.0,69000000.0,69000000.0,79000000.0,92000000.0,103000000.0,99000000.0,74000000.0,61000000.0,73000000.0,64000000.0
SVK,630000000.0,681000000.0,555000000.0,493000000.0,465000000.0,441000000.0,649000000.0,742000000.0,876000000.0,931000000.0,1282000000.0,1655000000.0,2352000000.0,3096000000.0,2541000000.0,2334000000.0,2515000000.0,2365000000.0,2702000000.0,2642000000.0,2480000000.0,2812000000.0,3024000000.0,3318000000.0,3353000000.0
SVN,1128000000.0,1280000000.0,1225000000.0,1135000000.0,1011000000.0,1016000000.0,1059000000.0,1152000000.0,1427000000.0,1725000000.0,1894000000.0,2075000000.0,2464000000.0,2955000000.0,2817000000.0,2808000000.0,3048000000.0,2793000000.0,2966000000.0,3052000000.0,2594000000.0,2717000000.0,3057000000.0,3377000000.0,3240000000.0
SWZ,54000000.0,42000000.0,44000000.0,51000000.0,15000000.0,24000000.0,23000000.0,45000000.0,70040000.92,75099998.47,77300003.05,75099998.47,32200000.76,26299999.24,40099998.47,51400001.53,10100000.38,29100000.38,4199999.808999999,15600000.38,14199999.81,13199999.81,13199999.81,16399999.62,14300000.19
SYC,224000000.0,182000000.0,195000000.0,191000000.0,202000000.0,225000000.0,221000000.0,247000000.0,258000000.0,256000000.0,269000000.0,323000000.0,396000000.0,408000000.0,349000000.0,352000000.0,380000000.0,429000000.0,484000000.0,481000000.0,483000000.0,505000000.0,585000000.0,611000000.0,618000000.0
THA,9257000000.0,10367000000.0,9052000000.0,7954000000.0,9416000000.0,9935000000.0,9378000000.0,10388000000.0,10456000000.0,13054000000.0,12103000000.0,16624000000.0,20625000000.0,22510000000.0,19811000000.0,23796000000.0,30924000000.0,34565000000.0,41765000000.0,38451000000.0,44851000000.0,48459000000.0,57057000000.0,61383000000.0,65082000000.0
TLA,20706311396.0,22869702460.0,24577971460.0,25940347469.0,26379588959.0,28704766029.0,28086055232.0,27187116655.0,30120970938.0,34789766674.0,39403268748.0,43515810258.0,48792735703.0,53130272198.0,48948362276.0,51545756943.0,56327050110.0,60800199345.0,64778836859.0,71056463231.0,73310432389.0,77971673931.0,82926451161.0,86457390604.0,88134625849.0
TSS,7201595661.0,8010816561.0,8647723470.0,9142858941.0,9509458360.0,8536849772.0,9146054871.0,10135047778.0,14379723222.0,16702396198.0,18958305698.0,21231548454.0,25110375234.0,25423463131.0,23547689913.0,26210207756.0,28933944901.0,31320184414.0,31307512960.0,32471946248.0,29639325945.0,29944070842.0,34084611185.0,36068855280.0,35296556424.0
TTO,232000000.0,262000000.0,344000000.0,356000000.0,365000000.0,371000000.0,361000000.0,402000000.0,437000000.0,568000000.0,593000000.0,517000000.0,621000000.0,557000000.0,548000000.0,630000000.0,650000000.0,852000000.0,856000000.0,875000000.0,809000000.0,708000000.0,717000000.0,541000000.0,484000000.0
TUN,1838000000.0,1895000000.0,1858000000.0,1980000000.0,2118000000.0,1977000000.0,2061000000.0,1831000000.0,1935000000.0,2432000000.0,2800000000.0,2999000000.0,3373000000.0,3909000000.0,3524000000.0,3477000000.0,2529000000.0,2931000000.0,2863000000.0,3042000000.0,1869000000.0,1706000000.0,1782000000.0,2320000000.0,2683000000.0
USA,93743000000.0,102196000000.0,107047000000.0,105095000000.0,109188000000.0,118316000000.0,105454000000.0,97415000000.0,94814000000.0,107210000000.0,116682000000.0,121030000000.0,134800000000.0,149094000000.0,137111000000.0,161821000000.0,178935000000.0,195113000000.0,213105000000.0,222746000000.0,230574000000.0,228549000000.0,231123000000.0,237726000000.0,233461000000.0
WLD,509365000000.0,541737000000.0,546567000000.0,551287000000.0,568885000000.0,581592000000.0,564420000000.0,581244000000.0,630409000000.0,748779000000.0,808630000000.0,874865000000.0,1014620000000.0,1124970000000.0,1026580000000.0,1137980000000.0,1276900000000.0,1342510000000.0,1446290000000.0,1525740000000.0,1468670000000.0,1498020000000.0,1629730000000.0,1766170000000.0,1815190000000.0
ZAF,2654000000.0,3137000000.0,3422000000.0,3419000000.0,3407000000.0,3338000000.0,3256000000.0,3695000000.0,6674000000.0,7571000000.0,8629000000.0,9211000000.0,10226000000.0,9178000000.0,8684000000.0,10309000000.0,10706000000.0,11202000000.0,10468000000.0,10484000000.0,9140000000.0,8807000000.0,9706000000.0,9789000000.0,9064000000.0
